"";"Timestamp";"What.programme.are.you.in.";"Have.you.taken.a.course.on.machine.learning.";"Have.you.taken.a.course.on.information.retrieval.";"Have.you.taken.a.course.on.statistics.";"Have.you.taken.a.course.on.databases.";"What.is.your.gender.";"Chocolate.makes.you.....";"birthday.x";"neighbors.x";"stand";"stress";"gain";"rn";"bed_time";"What.makes.a.good.day.for.you..1..";"What.makes.a.good.day.for.you..2.."
"1";"3/16/2021 14:37:20";"Master Tax Law - Tax and Technology";"yes";"0";"mu";"ja";"male";"neither";NA;2;"no";85;50;8;"22H 15M 0S";"Having completed a set task.";"Happy people"
"2";"3/24/2021 17:28:48";"AI";"no";"0";"sigma";"nee";"male";"I have no idea what you are talking about";NA;0;"no";0;100;3;"22H 0M 0S";"Coffee";"Sun"
"3";"3/25/2021 12:31:29";"DMT";"no";"0";"mu";"nee";"male";"fat";"1997-09-23";4;"no";40;5;NA;"0S  ";"Be Happy";"Having a very productive day"
"4";"3/25/2021 15:56:30";"CS";"no";"1";"mu";"ja";"male";"I have no idea what you are talking about";"1999-07-30";NA;"no";42;5;NA;"NA  ";"If you give me a 10";"If you give my team a 10"
"5";"3/25/2021 17:41:04";"AI";"yes";"0";"mu";"ja";"female";"neither";"1998-03-08";1;"no";20;50;4;"2H 0M 0S";"nice weather";"having good food"
"6";"3/26/2021 11:31:46";"system security";"no";"1";"sigma";"ja";"male";"neither";"1995-01-13";0;"no";20;30;5;"NA  ";"weather";"free day"
"7";"3/26/2021 13:59:32";"Quantitative Risk Management";"yes";"0";"mu";"nee";"male";"fat";"1997-07-28";0;"no";20;0;NA;"1H 30M 0S";"Classical music";"Data mining :-P"
"8";"3/26/2021 14:30:47";"Computational Science";"no";"0";"sigma";"nee";"male";"neither";"1993-11-14";0;"no";20;0,2;7;"12H 0M 0S";"Making progress in a tough course";"Watching the game, smoking some bud"
"9";"3/26/2021 15:31:08";"AI";"no";"0";"mu";"ja";"male";"neither";"1997-02-08";0;"no";99;1;6;"1H 45M 0S";"Drum";"Bass"
"10";"3/26/2021 22:29:30";"AI";"no";"0";"mu";"ja";"male";"neither";NA;1;"no";50;2;4;"1H 0M 0S";"Meeting a friend";"Being productive"
"11";"3/26/2021 23:46:34";"Computational Science";"no";"0";"mu";"nee";"male";"fat";NA;2;"no";90;30;7;"1H 0M 0S";"Good coffe";"Get motivated"
"12";"3/27/2021 16:02:34";"AI";"yes";"0";"mu";"nee";"male";"fat";"1998-04-15";3;"no";60;5;7;"1H 0M 0S";"Start studying early";"Finishing everything that I proposed for that day"
"13";"3/27/2021 19:31:57";"big data engineering ";"no";"1";"mu";"nee";"male";"neither";"1977-07-02";4;"unknown";75;500;7;"12H 0M 0S";"feel of achievement ";"go out, talk to people "
"14";"3/27/2021 20:59:51";"MSc in Bioinformatics and Systems Biology";"yes";"0";"mu";"nee";"female";"neither";"1997-07-11";0;"no";50;10;7;"2H 0M 0S";"relaxing and chill schedule";"nice weather"
"15";"3/27/2021 21:19:34";"Human Language Technology";"yes";"0";"mu";"nee";"female";"neither";"1998-04-07";2;"no";20;5;NA;"2H 0M 0S";"sunny wheather outside";"coronavirus restrictions lifted"
"16";"3/28/2021 10:27:38";"Artificial Intelligence";"yes";"0";"mu";"ja";"female";"fat";"1997-07-30";0;"no";10;0,1;7;"23H 10M 0S";"Socialize a bit";"Tidy environment"
"17";"3/28/2021 10:58:31";"computational science";"no";"0";"mu";"nee";"female";"fat";NA;0;"yes";0;50;8;"45M 0S ";"get up";"food"
"18";"3/28/2021 11:22:44";"MSc Artificial Intelligence";"no";"0";"mu";"nee";"female";"neither";"1966-09-03";0;"no";70;5;7;"23H 0M 0S";"nice weather";"surprising things happen"
"19";"3/28/2021 12:40:57";"QRM";"yes";"0";"mu";"ja";"male";"slim";NA;0;"yes";77;2,5;7;"5H 0M 0S";"Food";"Beer"
"20";"3/28/2021 20:21:27";"Master Business Analytics";"yes";"1";"mu";"ja";"male";"slim";"1998-01-06";0;"no";10;10;NA;"23H 30M 0S";"No stress";"Doing sports"
"21";"3/28/2021 21:38:59";"Msc Artificial Intelligence";"yes";"unknown";"mu";"nee";"female";"neither";"1995-08-04";0;"no";40;12;4;"13H 0M 0S";"food";"sleep"
"22";"3/28/2021 23:23:22";"Computational Science";"no";"0";"mu";"ja";"male";"slim";"1996-07-31";5;"no";7;8;NA;"NA  ";"Sleeping to a good movie";"Food"
"23";"3/29/2021 0:12:18";"cs";"no";"0";"mu";"ja";"male";"fat";"2020-09-01";10;"yes";93;93;10;"22H 0M 0S";"happy";"very happy"
"24";"3/29/2021 6:09:27";"Computational Science";"no";"0";"mu";"nee";"male";"fat";"1995-11-11";0;"no";100;0;2;"23H 0M 0S";"Good sleep";"Good food"
"25";"3/29/2021 6:39:25";"CS";"yes";"0";"mu";"ja";"female";"fat";"1997-10-29";0;"no";50;30;NA;"1H 23M 0S";"Everything is under control.";"Delicious food."
"26";"3/29/2021 8:32:53";"AI Masters";"yes";"0";"mu";"ja";"male";"slim";"1998-12-01";1;"no";NA;0;3;"23H 0M 0S";"Sun";"Good weather"
"27";"3/29/2021 9:41:50";"Linguistics: Text Mining";"yes";"0";"mu";"nee";"female";"neither";"1998-02-13";4;"unknown";70;50;NA;"2H 0M 0S";"A productive study/work day";"Inner peace"
"28";"3/29/2021 10:09:42";"Bioinformatics and Systems Biology";"no";"0";"mu";"nee";"female";"fat";"1997-11-04";0;"no";12;2;6;"22H 54M 0S";"Nice wheather";"Seeing my boyfriend"
"29";"3/29/2021 10:29:23";"BA";"yes";"1";"mu";"nee";"male";"neither";"1999-07-13";0;"no";30;1;6;"23H 30M 0S";"Sunny weather";"Coffee"
"30";"3/29/2021 10:39:02";"Master Bioinformatics & Systems Biology";"yes";"0";"mu";"nee";"male";"slim";"1989-05-20";1;"no";30;100;NA;"22H 0M 0S";"Enjoy the sun.";"Share some laughts."
"31";"3/29/2021 10:49:15";"Master in Computational Science";"yes";"1";"mu";"ja";"male";"fat";"1996-12-18";0;"no";90;20;NA;"0S  ";"sun";"no rain"
"32";"3/29/2021 11:00:34";"Python";"yes";"0";"mu";"ja";"male";"fat";"1997-10-30";0;"no";70;50;8;"30M 0S ";"laughing";"working out"
"33";"3/29/2021 11:16:17";"Msc Econometrics and Operations Research";"no";"1";"mu";"nee";"male";"fat";"1998-01-26";0;"no";0;20;10;"0S  ";"sunny weather";"wake up happy"
"34";"3/29/2021 11:19:21";"Computational science";"no";"0";"mu";"ja";"male";"neither";"1997-11-11";0;"no";5;70;NA;"12H 30M 0S";"Sunshine";"Friends"
"35";"3/29/2021 11:22:24";"Computational Science";"yes";"0";"mu";"ja";"female";"slim";NA;1;"no";10;5;3;"23H 30M 0S";"Meeting with friends";"Coffee to go in corona times"
"36";"3/29/2021 11:30:19";"Computational Science";"yes";"0";"sigma";"ja";"male";"fat";NA;3;"no";67;1;NA;"22H 45M 0S";"Doing physical activities (games) with friends in a park on sunny day with some alcoholic beverages.";"Winning a competitive korfbal match after putting in a good performance."
"37";"3/29/2021 11:39:25";"rMA Human Language Technology";"yes";"0";"mu";"nee";"female";"I have no idea what you are talking about";"1995-08-14";1;"no";50;10;7;"23H 0M 0S";"Take a walk in nature";"Good chat with friends and drinks"
"38";"3/29/2021 12:45:18";"Human Language Technology (Research Master Linguistics)";"yes";"0";"mu";"nee";"female";"neither";"1999-03-27";0;"no";40;5;7;"23H 30M 0S";"Sunshine";"Good night's sleep"
"39";"3/29/2021 13:05:02";"Econometrics and Operations Research";"yes";"0";"mu";"nee";"male";"fat";"1999-03-06";0;"no";30;8;6;"1H 0M 0S";"weather";"girlfriend"
"40";"3/29/2021 13:06:57";"Econometrics & Data Science";"yes";"0";"mu";"nee";"male";"neither";"1998-04-08";0;"no";0;80;NA;"2H 0M 0S";"Being productive";"Meeting friends"
"41";"3/29/2021 13:16:49";"MSc Artificial Intelligence";"yes";"0";"mu";"nee";"male";"fat";"1994-06-17";0;"no";20;18;NA;"23H 30M 0S";"sunshine";"sport"
"42";"3/29/2021 13:27:23";"Econometrics and Operation Research";"no";"0";"mu";"ja";"male";"fat";NA;2;"no";50;10;NA;"23H 0M 0S";"good weather";"having a good breakfast"
"43";"3/29/2021 13:43:38";"Econometrics & Operations Research";"yes";"0";"mu";"ja";"male";"neither";"1996-06-18";0;"no";12;0,5;NA;"11H 45M 0S";"Good food";"Sex"
"44";"3/29/2021 13:47:45";"QRM";"no";"0";"mu";"nee";"female";"fat";NA;0;"no";60;NA;8;"3M 0S ";"Getting all the work done that I've planned";"Seeing my friends and family"
"45";"3/29/2021 13:50:14";"MSc Artificial Intelligence @UvA";"yes";"1";"mu";"ja";"male";"fat";"1998-04-04";2;"no";55;NA;4;"1H 0M 0S";"music";"music"
"46";"3/29/2021 13:53:03";"Business Analytics";"yes";"1";"mu";"nee";"male";"I have no idea what you are talking about";"1993-06-24";0;"no";78;0;NA;"20H 0M 0S";"Saturday";"Monday"
"47";"3/29/2021 13:53:38";"Artificial Intelligence";"no";"0";"mu";"nee";"male";"I have no idea what you are talking about";"1997-01-01";0;"no";1;100;1;"2H 0M 0S";"food";"more food"
"48";"3/29/2021 13:56:26";"CS";"yes";"0";"mu";"nee";"male";"fat";"1995-11-16";0;"no";25;1;6;"1H 0M 0S";"Family";"Rice/Pasta for dinner"
"49";"3/29/2021 14:01:59";"Linguistics Text Mining ";"yes";"1";"sigma";"nee";"female";"I have no idea what you are talking about";NA;0;"no";90;50;9;"22H 0M 0S";"sun ";"exercise"
"50";"3/29/2021 14:07:33";"Econometrics";"no";"0";"mu";"nee";"male";"fat";NA;2;"no";70;20;5;"11H 3M 0S";"Going out";"not working"
"51";"3/29/2021 14:16:20";"EDS";"yes";"unknown";"mu";"ja";"male";"fat";NA;0;"no";12;1;7;"23H 30M 0S";"No stress";"Holidays"
"52";"3/29/2021 14:30:16";"Econometrics";"yes";"0";"mu";"nee";"male";"neither";"1998-10-06";0;"unknown";31;NA;4;"22H 27M 0S";"Sun";"Sporting"
"53";"3/29/2021 14:32:57";"AI";"no";"0";"mu";"ja";"female";"neither";"1999-11-20";0;"no";35;10;10;"2H 30M 0S";"Free time";"Social activity"
"54";"3/29/2021 14:35:19";"AI";"yes";"1";"mu";"ja";"female";"fat";"1998-11-15";0;"no";80;5;9;"20M 0S ";"Getting everything done that needed to be done";"Chilling in the sun"
"55";"3/29/2021 14:40:38";"AI";"yes";"0";"mu";"nee";"female";"neither";NA;2;"no";50;1;5;"2H 0M 0S";"Seeing friends and family that I love";"Calmth, positivity, learning/reading"
"56";"3/29/2021 14:44:22";"BA";"yes";"1";"mu";"ja";"male";"fat";NA;2;"no";10;20;3;"22H 30M 0S";"nice weather";"walk on the beach"
"57";"3/29/2021 14:49:24";"Finance & Technology";"yes";"0";"mu";"nee";"male";"fat";"1997-01-28";0;"no";0;20;2;"23H 0M 0S";"Soccer";"Sun"
"58";"3/29/2021 15:00:11";"Bioinformatics and Systems Biology";"yes";"0";"mu";"ja";"female";"fat";"1999-02-03";1;"no";75;10;NA;"23H 30M 0S";"When I have seen/spoken to my loved ones";"When I feel like my day has been productive but not too stresfull "
"59";"3/29/2021 15:03:24";"Master Artificial Intelligence";"no";"0";"mu";"nee";"male";"fat";"1992-09-20";0;"no";100;1;NA;"5H 25M 0S";"Rest";"Nothing"
"60";"3/29/2021 15:04:18";"Quantitative Risk Management ";"no";"0";"unknown";"nee";"male";"fat";"1996-05-16";1;"no";50;20;NA;"23H 30M 0S";"Efficiency";"Accomplishment"
"61";"3/29/2021 15:05:00";"Quantitative Risk Management ";"no";"0";"unknown";"nee";"male";"fat";"1996-05-16";1;"no";50;20;NA;"23H 30M 0S";"Efficiency";"Accomplishment"
"62";"3/29/2021 15:05:38";"Econometrics & Operation Research master";"yes";"1";"mu";"ja";"male";"neither";NA;0;"yes";60;30;7;"22H 30M 0S";"8 hours of sleep";"Friendly people"
"63";"3/29/2021 15:09:54";"QRM";"no";"0";"mu";"nee";"male";"fat";"1996-05-16";1;"no";50;20;7;"23H 30M 0S";"Efficiency";"Accomplishment"
"64";"3/29/2021 15:35:37";"CS";"yes";"0";"mu";"unknown";"female";"neither";NA;1;"no";20;15;6;"3H 0M 0S";"swimming";"beer"
"65";"3/29/2021 15:41:09";"M AI";"yes";"1";"mu";"ja";"female";"I have no idea what you are talking about";NA;0;"no";40;0;1;"3H 30M 0S";"a good night's sleep";"a relaxed morning"
"66";"3/29/2021 16:23:33";"OR";"no";"0";"mu";"nee";"male";"neither";"1996-09-09";0;"no";77;5;4;"2H 0M 0S";"No work/free time";"Beautiful weather"
"67";"3/29/2021 16:35:14";"Master Bioinformatics & Systems Biology";"yes";"0";"mu";"nee";"male";"neither";NA;0;"no";15;99;NA;"0S  ";"Fun activities";"Good food"
"68";"3/29/2021 16:35:49";"Finance and technology";"yes";"0";"mu";"nee";"male";"fat";"1994-08-15";0;"no";60;20;8;"2H 0M 0S";"Warm weather";"enough food"
"69";"3/29/2021 16:35:57";"BA";"yes";"1";"mu";"ja";"male";"fat";"1995-10-27";0;"no";60;1000;7;"23H 0M 0S";"Hanging out with friends";"watching sports"
"70";"3/29/2021 16:46:51";"Econometrics & Operations Research";"yes";"0";"mu";"nee";"male";"neither";"1998-07-02";0;"no";38;NA;NA;"1H 30M 0S";"Good breakfast";"Outdoor activity"
"71";"3/29/2021 16:49:13";"Climate econometrics";"yes";"0";"mu";"nee";"female";"neither";"1993-02-01";0;"no";30;10;NA;"23H 0M 0S";"Walking in the sun";"Eating good food"
"72";"3/29/2021 16:51:39";"CS";"no";"0";"mu";"unknown";"male";"slim";"1999-05-10";1;"no";5;1;5;"3H 0M 0S";"sleep";"people"
"73";"3/29/2021 17:35:57";"Duisenberg Honours: QRM";"no";"0";"mu";"nee";"male";"neither";"1996-09-22";0;"no";50;1;NA;"30M 0S ";"No Stress";"Be able to relax"
"74";"3/29/2021 17:47:11";"BA";"yes";"0";"mu";"nee";"male";"fat";"1994-12-13";0;"no";35;10;7;"3M 0S ";"If I completed all my tasks which I set for the day.";"When I have spoken with/seen at least some friends or relatives that day. "
"75";"3/29/2021 17:56:51";"AI";"yes";"0";"mu";"nee";"male";"neither";"1998-01-05";0;"no";0;NA;5;"22H 30M 0S";"Sun";"Food"
"76";"3/29/2021 17:58:00";"Medical Informatics";"yes";"1";"mu";"ja";"male";"fat";NA;0;"no";10;5;NA;"23H 0M 0S";"sport";"sun"
"77";"3/29/2021 18:02:48";"Master Artificial Intelligence";"yes";"1";"mu";"ja";"male";"neither";"1999-09-15";0;"no";10;1;6;"1H 0M 0S";"No obligations";"A good night of sleep"
"78";"3/29/2021 18:21:02";"Business analytics ";"yes";"0";"mu";"ja";"female";"fat";"1998-07-01";1;"no";40;50;NA;"22H 30M 0S";"A long walk outside";"Getting things done"
"79";"3/29/2021 19:01:05";"Mathematics";"yes";"0";"mu";"ja";"female";"neither";NA;0;"no";60;10;7;"23H 0M 0S";"Sun";"Social contacts"
"80";"3/29/2021 19:35:58";"Business Analytics";"yes";"unknown";"mu";"ja";"male";"fat";"1994-10-22";0;"no";60;1;NA;"23H 30M 0S";"Sun";"Tennis"
"81";"3/29/2021 19:56:04";"BA";"yes";"0";"mu";"ja";"male";"neither";"1999-02-23";NA;"unknown";99;101;2;"NA  ";"Payday";"The day that I paid my rent and don't have a red valued bank account."
"82";"3/29/2021 19:57:32";"Research Masters Human Language Technology";"yes";"0";"sigma";"ja";"male";"fat";"1995-10-06";0;"no";40;70;6;"30M 0S ";"Nice weather and a run";"Playing music with friends"
"83";"3/29/2021 20:04:52";"BA";"yes";"0";"mu";"unknown";"female";"fat";"1997-01-20";2;"no";80;50;8;"23H 40M 0S";"weather ";"Being with friends or family"
"84";"3/29/2021 20:09:38";"Finance and Technology";"yes";"unknown";"unknown";"nee";"male";"fat";"1996-12-03";0;"no";20;NA;6;"23H 10M 0S";"sports";"good food"
"85";"3/29/2021 20:33:29";"Artificial intelligence";"yes";"0";"mu";"ja";"male";"fat";"1996-02-22";0;"unknown";10;20;1;"23H 0M 0S";"Sun";"Productivity"
"86";"3/29/2021 20:53:49";"BA";"yes";"0";"mu";"nee";"male";"slim";"1998-09-10";0;"no";5;0;9;"0S  ";"Sport";"Progress towards a goal"
"87";"3/29/2021 21:09:39";"Computational Sciences";"no";"0";"mu";"nee";"male";"neither";"1996-03-21";0;"no";31;0;3;"23H 59M 0S";"Sun";"Fun"
"88";"3/29/2021 21:16:04";"Econometrics and data science ";"yes";"unknown";"mu";"nee";"female";"fat";"1998-06-02";2;"no";41;37;NA;"23H 30M 0S";"Sunshine ";"Good food"
"89";"3/29/2021 21:23:01";"Master in Computational Science";"no";"1";"mu";"ja";"female";"fat";"1998-03-26";0;"no";85;5;NA;"36M 0S ";"a nice meal";"the sun"
"90";"3/29/2021 21:30:30";"BA";"yes";"0";"mu";"nee";"female";"neither";"1996-09-17";2;"no";60;60;7;"23H 15M 0S";"Sun";"Happy people/friends"
"91";"3/29/2021 21:53:06";"AI";"no";"0";"mu";"nee";"female";"neither";"1992-12-16";0;"no";85;5;9;"3H 0M 0S";"Day off";"Good company"
"92";"3/29/2021 21:57:42";"Computational Science";"no";"0";"mu";"nee";"female";"neither";NA;0;"no";70;50;7;"0S  ";"sunny";"enough sleep"
"93";"3/29/2021 22:11:39";"Artificial intelligence";"no";"0";"mu";"ja";"male";"fat";"1996-01-17";3;"no";70;100;NA;"30M 0S ";"get a good grade";"a sunny day"
"94";"3/29/2021 22:17:34";"Computational Science";"no";"0";"mu";"nee";"male";"neither";"1994-12-11";0;"unknown";45;10;NA;"22H 15M 0S";"Talking and being around friends and loved ones";"When $GME goes up 69%      HODL ON"
"95";"3/29/2021 22:39:12";"AI";"yes";"1";"mu";"ja";"male";"I have no idea what you are talking about";"1996-01-27";0;"no";45;100;5;"2H 0M 0S";"productivity";"good food"
"96";"3/29/2021 22:50:20";"Msc AI";"no";"0";"mu";"nee";"male";"neither";"1997-09-17";0;"no";30;0;1;"23H 30M 0S";"Good sleep";"Meet friends"
"97";"3/29/2021 22:58:34";"AI";"no";"unknown";"mu";"nee";"female";"fat";"1998-04-04";0;"no";65;1;10;"1H 0M 0S";"No stressing about deadlines";"Take a nice walk"
"98";"3/29/2021 22:58:38";"ai";"no";"0";"mu";"nee";"male";"fat";"1996-01-15";1;"no";25;50;8;"3H 0M 0S";"happy";"productive"
"99";"3/29/2021 23:02:41";"Artificial Intelligence MSc";"yes";"1";"mu";"ja";"male";"neither";"1997-12-03";0;"unknown";35;70;3;"1H 0M 0S";"good rest";"social"
"100";"3/29/2021 23:03:17";"BA";"yes";"0";"mu";"ja";"female";"fat";"1998-10-13";0;"no";66;NA;7;"30M 0S ";"Nice weather";"Being with my friends"
"101";"3/29/2021 23:24:53";"AI";"no";"1";"mu";"ja";"male";"fat";NA;0;"no";30;70;8;"1H 30M 0S";"Low stresslevels";"Hanging out with friends"
"102";"3/29/2021 23:27:11";"QRM";"no";"0";"mu";"nee";"male";"fat";"1997-10-08";1;"no";0;0;NA;"2H 0M 0S";"Good food";"Good mood"
"103";"3/29/2021 23:32:18";"Msc. Finance and Technology";"yes";"0";"mu";"nee";"male";"slim";"1996-01-17";0;"no";50;25;5;"3H 0M 0S";"Ice cream";"No deadlines for the subsequent days"
"104";"3/29/2021 23:41:02";"Business Analytics";"yes";"0";"mu";"nee";"male";"neither";NA;0;"no";60;1;7;"15M 0S ";"Enough sleep";"Good food"
"105";"3/29/2021 23:53:22";"Econometrics";"no";"0";"mu";"nee";"male";"I have no idea what you are talking about";"1997-07-29";0;"no";21;0,22;5;"22H 55M 0S";"wake up early, be productive and relax with friends in evening";"Learning something new"
"106";"3/30/2021 2:59:37";"CS";"no";"0";"sigma";"ja";"male";"neither";"1999-05-02";5;"no";75;0;7;"4H 0M 0S";"no stress";"good weather"
"107";"3/30/2021 3:36:10";"bioinformatics and system biology";"yes";"0";"mu";"ja";"male";"I have no idea what you are talking about";"1998-07-07";1;"no";65;0;NA;"5H 0M 0S";"1";"2"
"108";"3/30/2021 6:33:02";"QRM";"no";"0";"mu";"ja";"male";"unknown";NA;0;"no";20;0;9;"7H 30M 0S";"no exams or deadlines";"plenty of sleep"
"109";"3/30/2021 8:20:19";"Bioinformatics and Systems Biology";"yes";"0";"mu";"nee";"male";"neither";NA;0;"no";80;1;4;"0S  ";"sunshine";"music"
"110";"3/30/2021 8:44:31";"CS";"yes";"1";"mu";"ja";"male";"neither";NA;1;"no";17;65;NA;"22H 45M 0S";"odd jobs";"sports"
"111";"3/30/2021 9:16:58";"Research Master Human Movement Sciences (FGB)";"no";"0";"mu";"nee";"female";"neither";"1993-07-08";1;"no";10;0;8;"23H 15M 0S";"sun";"exercise"
"112";"3/30/2021 9:20:47";"computational science";"no";"0";"mu";"ja";"male";"fat";NA;0;"yes";50;60;7;"1H 0M 0S";"no lecture";"beautiful scenery"
"113";"3/30/2021 9:22:43";"Mathematics";"no";"0";"mu";"nee";"female";"fat";"1995-11-27";0;"no";67;2;7;"22H 45M 0S";"tea";"icecream"
"114";"3/30/2021 9:30:43";"BA";"yes";"1";"mu";"ja";"unknown";"slim";"1997-02-01";0;"no";50;1;NA;"0S  ";"sun";"no deadlines"
"115";"3/30/2021 9:30:59";"Master Artificial Intelligence";"yes";"0";"mu";"nee";"female";"I have no idea what you are talking about";"1998-01-23";1;"no";55;0;NA;"23H 0M 0S";"Playing sports";"Good food"
"116";"3/30/2021 9:40:31";"CS";"no";"1";"mu";"ja";"male";"fat";NA;0;"no";60;65;8;"23H 50M 0S";"Free time";"Being outside"
"117";"3/30/2021 9:44:01";"Master Finance & Technology";"yes";"0";"mu";"nee";"female";"fat";"1999-03-26";0;"no";60;2;2;"22H 0M 0S";"Sun";"Success"
"118";"3/30/2021 9:48:32";"Artificial Intelligence";"yes";"1";"sigma";"ja";"male";"neither";"1996-12-01";1;"no";50;63;NA;"23H 30M 0S";"Good weather";"No stress"
"119";"3/30/2021 9:49:36";"Master Information Studies UvA";"yes";"0";"sigma";"nee";"male";"neither";"1990-10-26";0;"no";75;7;2;"23H 45M 0S";"sun";"cycling"
"120";"3/30/2021 10:00:00";"Medical Informatics";"yes";"0";"mu";"nee";"female";"fat";"1997-06-01";0;"no";75;20;8;"22H 30M 0S";"The sun shines";"Meeting with friends"
"121";"3/30/2021 10:07:28";"Econometrics ";"no";"0";"mu";"nee";"female";"neither";"1997-01-02";1;"no";60;1;7;"23H 30M 0S";"Good weather";"Good sleep the prior day"
"122";"3/30/2021 10:09:56";"MSc Artificial Intelligence";"yes";"1";"mu";"nee";"male";"fat";"1999-01-26";0;"no";20;1;NA;"22H 19M 0S";"good night sleep";"nice food"
"123";"3/30/2021 10:13:11";"AI";"yes";"1";"mu";"nee";"male";"unknown";"1995-07-05";0;"no";50;0,2;8;"22H 30M 0S";"Sun";"25 degrees celsius"
"124";"3/30/2021 10:31:21";"CS";"no";"0";"mu";"ja";"female";"neither";"1996-01-14";0;"no";77;70;3;"23H 0M 0S";"coffee";"fulfill the plan"
"125";"3/30/2021 10:32:04";"Msc Computer Science";"yes";"1";"mu";"ja";"male";"fat";"1998-08-28";0;"yes";30;NA;NA;"0S  ";"Sleeping well";"Having a walk with my dog"
"126";"3/30/2021 10:36:55";"Honours master F&T";"yes";"0";"sigma";"nee";"male";"neither";"1998-12-28";0;"yes";10;5;NA;"23H 54M 0S";"Sun shining";"Chatting with friends"
"127";"3/30/2021 10:37:05";"CS";"yes";"1";"mu";"ja";"male";"fat";"1998-08-28";0;"yes";30;10;2;"0S  ";"Sleeping well";"Having a walk with my dog"
"128";"3/30/2021 10:39:11";"Duisenberg Honours Programme in Finance and Technology";"yes";"1";"mu";"nee";"male";"fat";"1995-05-03";1;"no";15;10;NA;"23H 30M 0S";"Sun";"Beer"
"129";"3/30/2021 10:45:18";"Master bioinformatics and systems biology";"yes";"0";"unknown";"nee";"female";"slim";"1994-05-08";4;"no";20;20;8;"23H 0M 0S";"if the sun is shinning";"Something adventurous took place"
"130";"3/30/2021 10:49:39";"Business Analytics ";"yes";"1";"mu";"ja";"male";"fat";"1995-03-01";0;"no";40;5;2;"23H 15M 0S";"Good stock returns";"Getting high grades back"
"131";"3/30/2021 10:49:50";"Business Analytics";"yes";"1";"mu";"ja";"male";"fat";"1998-12-17";0;"no";10;3;4;"22H 30M 0S";"Zoom meeting";"Teams meeting"
"132";"3/30/2021 10:53:15";"Business Analytics";"yes";"unknown";"mu";"ja";"male";"neither";"1997-08-27";0;"unknown";60;1;3;"21H 0M 0S";"Good weather";"Exercise"
"133";"3/30/2021 10:53:49";"CLS";"no";"0";"mu";"ja";"female";"fat";"1997-04-19";1;"no";40;100;3;"23H 0M 0S";"drinking cola zero";"sunny weather"
"134";"3/30/2021 10:55:13";"Master Artificial Intelligence";"no";"0";"mu";"nee";"male";"neither";"1996-01-15";0;"no";70;5;5;"15M 0S ";"Sun outside and no wind";"Playing basketball"
"135";"3/30/2021 10:55:42";"AI";"no";"0";"mu";"nee";"female";"neither";"1996-09-29";0;"no";50;20;2;"14H 0M 0S";"The sun";"Friends"
"136";"3/30/2021 10:55:44";"CS";"no";"0";"mu";"nee";"male";"fat";"0000-01-01";0;"no";NA;110;9;"1H 30M 0S";"pizza";"sleeping in"
"137";"3/30/2021 10:58:12";"AI";"yes";"0";"mu";"nee";"female";"neither";"1995-12-11";0;"no";30;12;NA;"21H 45M 0S";"Sun";"Good sleep"
"138";"3/30/2021 10:58:32";"Econometrics ";"yes";"0";"mu";"ja";"female";"I have no idea what you are talking about";"1996-06-05";1;"no";70;20;7;"22H 45M 0S";"When the sun is shining ";"Good night sleep "
"139";"3/30/2021 11:03:33";"Computer Science";"yes";"1";"mu";"ja";"male";"unknown";"1999-01-23";3;"no";32;99,99;4;"23H 39M 0S";"A nice suprise";"A feeling of contentness"
"140";"3/30/2021 11:08:00";"AI";"yes";"0";"mu";"ja";"female";"neither";NA;1;"no";40;70;3;"23H 30M 0S";"when it's sunny";"when I can enjoy nature"
"141";"3/30/2021 11:09:42";"Business Administration";"no";"0";"mu";"nee";"male";"fat";"1998-08-21";3;"no";10;10;8;"22H 0M 0S";"Tasteful food";"Good weather"
"142";"3/30/2021 11:10:49";"Artificial Intelligence Masters";"yes";"0";"mu";"nee";"male";"fat";NA;1;"no";80;10;8;"1H 0M 0S";"Sun";"Beauty"
"143";"3/30/2021 11:11:47";"Msc AI";"no";"0";"mu";"ja";"female";"unknown";NA;1;"no";20;10;5;"23H 0M 0S";"Sun";"Smile"
"144";"3/30/2021 11:28:20";"RM AI, RM Cognitive Neuropsychology";"no";"0";"mu";"nee";"female";"neither";NA;1;"no";0;70;5;"23H 0M 0S";"fun";"sun"
"145";"3/30/2021 11:30:10";"RMA Human Language Technology";"yes";"1";"mu";"nee";"female";"neither";"1997-11-11";0;"no";30;25;7;"23H 1M 0S";"sunshine";"love"
"146";"3/30/2021 11:30:34";"BA";"yes";"1";"mu";"ja";"male";"fat";"1999-07-25";0;"no";80;10;7;"23H 0M 0S";"Doing well on study";"Feyenoord winning a game"
"147";"3/30/2021 11:31:11";"Bioinformatics";"yes";"0";"sigma";"nee";"female";"slim";"1997-03-08";1;"no";0;NA;8;"45M 0S ";"Sun";"My dog"
"148";"3/30/2021 11:36:30";"Computational Sciences ";"no";"0";"mu";"unknown";"male";"neither";"1999-06-24";0;"no";20;1;7;"23H 30M 0S";"Friends";"Sport"
"149";"3/30/2021 11:40:04";"MSc Stochastics and Financial Mathematics";"yes";"0";"mu";"nee";"female";"fat";"1996-12-26";2;"yes";70;0;6;"23H 0M 0S";"sun";"free time"
"150";"3/30/2021 11:41:42";"AI (uva)";"yes";"1";"mu";"nee";"male";"slim";"1999-07-25";4;"no";10;60;2;"30M 0S ";"good night sleep";"things to do"
"151";"3/30/2021 11:49:20";"Computational Science";"no";"1";"mu";"nee";"male";"fat";"1997-09-27";0;"no";70;80;7;"2H 0M 0S";"Good weather";"Good news"
"152";"3/30/2021 11:52:45";"MSc AI";"no";"1";"mu";"ja";"male";"fat";"1995-08-05";0;"no";30;5;NA;"1H 0M 0S";"productivity";"food"
"153";"3/30/2021 11:54:04";"AI";"no";"1";"sigma";"nee";"female";"fat";"1997-11-17";0;"no";50;5;8;"23H 59M 0S";"When I see my friends";"Delicious food"
"154";"3/30/2021 11:54:41";"AI";"yes";"0";"mu";"ja";"female";"neither";"1993-11-30";3;"no";10;20;8;"1H 15M 0S";"coffee";"sunny weather"
"155";"3/30/2021 11:57:06";"Econometrics ";"no";"unknown";"mu";"ja";"male";"unknown";NA;2;"unknown";80;NA;NA;"1H 0M 0S";"Progress ";"Happiness "
"156";"3/30/2021 11:58:45";"Econometrics and data science";"no";"0";"mu";"ja";"male";"unknown";"1993-07-06";0;"no";25;NA;NA;"0S  ";"Friends";"Fulfillment"
"157";"3/30/2021 12:05:21";"Masters of Artificial Intelligence";"no";"1";"unknown";"ja";"male";"neither";"1998-02-03";0;"no";80;50;NA;"23H 10M 0S";"Finishing a lot of work";"Playing video games with friends"
"158";"3/30/2021 12:15:56";"Master Artificial Intelligence: Cognitive Sciences ";"no";"1";"mu";"nee";"male";"I have no idea what you are talking about";"1996-11-12";0;"no";20;0;NA;"0S  ";"sun";"soccer"
"159";"3/30/2021 12:17:26";"Artificial Intelligence";"yes";"1";"mu";"ja";"male";"fat";NA;0;"no";20;50;7;"1H 0M 0S";"The sun";"Being together with friends"
"160";"3/30/2021 12:18:44";"Data science";"yes";"1";"mu";"ja";"female";"neither";"1993-02-19";0;"no";0;50;7;"1H 30M 0S";"surfing";"sun"
"161";"3/30/2021 12:20:44";"CS";"yes";"unknown";"mu";"ja";"male";"neither";"1997-07-09";0;"no";99;0,05;NA;"1H 30M 0S";"Xtc";"Weightlifting"
"162";"3/30/2021 12:24:09";"M Information Sciences";"no";"1";"mu";"ja";"male";"neither";NA;0;"no";60;10;NA;"0S  ";"Sunny";"Friends"
"163";"3/30/2021 12:26:34";"Business Analytics";"yes";"1";"mu";"nee";"male";"fat";NA;0;"no";60;100;NA;"NA  ";"Doing Data Mining";"Doing more Data Mining"
"164";"3/30/2021 12:28:12";"AI";"no";"0";"mu";"nee";"unknown";"neither";NA;1;"no";50;5;7;"2H 0M 0S";"sun ";"friends"
"165";"3/30/2021 12:29:20";"Computational Science";"no";"0";"mu";"nee";"male";"neither";"1999-02-10";1;"no";10;0,2;10;"23H 59M 0S";"No obligations";"Being at home"
"166";"3/30/2021 12:32:25";"AI";"no";"0";"mu";"ja";"male";"fat";"1996-08-06";0;"no";37;5;7;"1H 0M 0S";"snow";"not messing up something"
"167";"3/30/2021 12:33:37";"Artificial Intelligence";"yes";"unknown";"mu";"ja";"female";"fat";NA;0;"no";50;40;8;"20M 0S ";"Hanging out with friend, some good food and a nice drink.";"Riding my horse with some nice weather."
"168";"3/30/2021 12:39:07";"AI";"no";"unknown";"mu";"nee";"male";"neither";"1995-09-30";1;"no";60;5;6;"23H 30M 0S";"completed todo tasks";"real life social activity with friends"
"169";"3/30/2021 12:41:22";"BA";"yes";"0";"mu";"ja";"female";"neither";"1999-05-19";0;"no";50;75;8;"22H 0M 0S";"1";"2"
"170";"3/30/2021 12:42:26";"MSc Econometrics and Operation Research";"no";"0";"mu";"nee";"female";"neither";"1996-04-14";200;"no";20;10;10;"1H 2M 0S";"Nice weather";"Breaks and fun with friends"
"171";"3/30/2021 12:43:04";"AI";"no";"0";"mu";"nee";"male";"fat";"1997-08-05";0;"no";80;10;9;"22H 0M 0S";"good sleep";"Me time"
"172";"3/30/2021 12:46:03";"Information sciences";"no";"unknown";"mu";"ja";"female";"neither";"1996-05-03";8;"no";2;50;3;"22H 30M 0S";"the sun";"finishing the to-do list"
"173";"3/30/2021 12:46:26";"Information Studies (Data Science) @ UvA";"yes";"0";"mu";"nee";"male";"neither";NA;0;"no";70;1;8;"1H 0M 0S";"sleeping well";"nice breakfast"
"174";"3/30/2021 12:48:30";"Computer Science";"yes";"0";"mu";"ja";"male";"fat";"1993-11-05";0;"no";30;2,75;NA;"2H 30M 0S";"Drinking coffee";"Programming"
"175";"3/30/2021 12:49:50";"AI";"no";"0";"mu";"ja";"male";"fat";"1996-07-19";1;"no";10;0;4;"38M 0S ";"sunny";"cool"
"176";"3/30/2021 12:49:57";"Econometrics and Operations Research ";"no";"0";"sigma";"unknown";"female";"neither";"1993-05-16";2;"no";80;70;NA;"11H 45M 0S";"Shining sun";"when being appreciated"
"177";"3/30/2021 12:52:26";"Bioinfromatics";"yes";"1";"unknown";"ja";"male";"fat";"1991-10-15";2;"yes";70;5;NA;"9H 0M 0S";"Having friends come over";"Spending time wth my brothers"
"178";"3/30/2021 12:53:52";"Econometrics and Operations Research ";"no";"0";"mu";"ja";"female";"neither";"1993-05-16";2;"no";80;5;NA;"11H 45M 0S";"Shining sun";"being appeciated"
"179";"3/30/2021 12:56:10";"AI";"no";"0";"mu";"nee";"female";"slim";"1997-05-01";0;"no";80;2;9;"0S  ";"My friends";"Good grades"
"180";"3/30/2021 12:57:17";"E&OR";"yes";"0";"mu";"nee";"male";"I have no idea what you are talking about";NA;0;"yes";60;69;8;"1H 0M 0S";"memes";"money"
"181";"3/30/2021 12:58:29";"CLS";"no";"0";"mu";"ja";"male";"fat";NA;0;"no";77;4321;NA;"2H 0M 0S";"Spend with Girlfriend";"Dinner and game with best friend"
"182";"3/30/2021 12:59:30";"Econometrics & Data Science";"yes";"0";"mu";"ja";"male";"fat";"1998-07-02";2;"no";10;1;7;"30M 0S ";"friends";"beer"
"183";"3/30/2021 13:06:45";"Bioinformatics & Systems biology";"yes";"0";"unknown";"unknown";"male";"unknown";NA;1;"no";90;101;NA;"0S  ";"21/04";"01/10"
"184";"3/30/2021 13:08:15";"Computational Science";"yes";"0";"mu";"nee";"male";"fat";"1995-06-19";0;"no";10;10;10;"0S  ";"Football and Beer";"Finalising a large project "
"185";"3/30/2021 13:12:28";"Management, Policy-Analysis and Entrepreneurship in Health & Life sciences";"no";"0";"mu";"ja";"female";"neither";"1996-01-29";1;"no";70;50;3;"50M 0S ";"Petting a dog ";"Reaching the goals I set for the day"
"186";"3/30/2021 13:16:39";"Econometrics";"yes";"0";"mu";"nee";"male";"neither";"1998-07-09";0;"no";80;60;2;"2H 30M 0S";"Sleep";"Sun"
"187";"3/30/2021 13:18:40";"Computer Science";"no";"1";"mu";"ja";"male";"neither";NA;1;"no";90;NA;4;"30M 0S ";"family";"exercise"
"188";"3/30/2021 13:20:00";"Finance and Technology";"yes";"0";"mu";"nee";"male";"slim";"1996-06-27";1;"no";80;50;8;"30M 0S ";"Sunlight";"Nice company"
"189";"3/30/2021 13:20:45";"AI";"yes";"1";"mu";"nee";"male";"I have no idea what you are talking about";"1997-06-29";6;"no";NA;100;NA;"NA  ";"Filling in a form about data mining";"No ronas"
"190";"3/30/2021 13:26:16";"Computational Science";"no";"0";"mu";"nee";"male";"slim";NA;100;"yes";66;0,8;6;"23H 0M 0S";"Sun";"Sports"
"191";"3/30/2021 13:30:42";"Computational Science";"no";"0";"unknown";"nee";"male";"fat";"1994-03-22";0;"no";50;0;NA;"1H 0M 0S";"Not being tired";"Eating tasty food"
"192";"3/30/2021 13:33:38";"computational science";"no";"0";"mu";"nee";"male";"slim";NA;0;"no";1;0;NA;"3H 0M 0S";"productivity";"variety"
"193";"3/30/2021 13:40:00";"EOR";"no";"0";"mu";"ja";"male";"fat";NA;2;"yes";80;20;7;"3H 30M 0S";"sun";"girls"
"194";"3/30/2021 13:41:52";"Computational Science UvA/VU";"no";"0";"mu";"nee";"male";"slim";"1991-07-20";1;"no";30;10;3;"0S  ";"good food";"plenty of sleep"
"195";"3/30/2021 13:45:25";"Bioinformatics";"yes";"0";"unknown";"nee";"female";"I have no idea what you are talking about";"1998-02-09";0;"no";55;40;NA;"20H 0M 0S";"Sun";"Cheese"
"196";"3/30/2021 13:46:26";"AI";"yes";"0";"mu";"nee";"male";"neither";"1997-05-26";0;"yes";15;NA;NA;"23H 59M 0S";"BBQ";"Surf"
"197";"3/30/2021 13:46:59";"Computational Science";"yes";"1";"sigma";"ja";"unknown";"unknown";"1992-10-28";0;"no";99;NA;NA;"22H 15M 0S";"Running";"Social activity"
"198";"3/30/2021 13:47:18";"MSc Bioinformatics & Systems Biology";"yes";"0";"unknown";"nee";"female";"I have no idea what you are talking about";NA;0;"no";19;100;7;"3H 50M 0S";"Weather";"food"
"199";"3/30/2021 13:47:20";"Computational Science";"yes";"0";"mu";"nee";"female";"fat";"1997-03-17";0;"no";50;110;9;"22H 3M 0S";"Kitesurfing";"Sunshine"
"200";"3/30/2021 13:47:21";"Computational Science";"no";"0";"mu";"nee";"male";"neither";NA;0;"no";92;NA;NA;"0S  ";"pizza";"sun"
"201";"3/30/2021 13:47:31";"Artificial Intelligence";"no";"0";"mu";"nee";"female";"neither";"1998-01-10";0;"no";30;NA;7;"23H 30M 0S";"When the sun is out";"Nice plans for the day "
"202";"3/30/2021 13:48:08";"HLT";"yes";"0";"unknown";"nee";"female";"I have no idea what you are talking about";"1997-01-01";1;"no";60;NA;NA;"1H 0M 0S";"coffee";"sunshine"
"203";"3/30/2021 13:48:10";"Computer Science";"no";"1";"mu";"ja";"male";"slim";"1993-06-08";0;"no";78;100;2;"0S  ";"Sunshine";"More sunshine"
"204";"3/30/2021 13:48:56";"Artificial Intellingence";"yes";"1";"mu";"ja";"male";"slim";"1997-06-04";0;"unknown";69;100;7;"12H 0M 0S";"fun";"bright sun"
"205";"3/30/2021 13:49:10";"Artificial Intelligence";"yes";"1";"mu";"ja";"male";"I have no idea what you are talking about";NA;0;"no";10;1;NA;"2H 0M 0S";"Good feelings";"A lot of fun"
"206";"3/30/2021 13:49:13";"Data Science";"yes";"unknown";"unknown";"ja";"male";"slim";"1996-05-20";6;"no";1;100;2;"5H 15M 0S";"Drinking Beer";"Gaming with Friends"
"207";"3/30/2021 13:49:29";"Bioinformatics and Systems Biology";"yes";"0";"mu";"ja";"male";"neither";"1998-06-04";0;"no";45;0,5;3;"23H 0M 0S";"sun";"freedom"
"208";"3/30/2021 13:49:45";"Information studies Data Science (UvA)";"yes";"0";"sigma";"nee";"male";"fat";NA;0;"no";0;NA;2;"1H 0M 0S";"enjoying the sun";"spending time with my sons"
"209";"3/30/2021 13:49:52";"Computational Science";"no";"0";"mu";"nee";"male";"fat";"1994-12-01";0;"no";0;NA;NA;"10H 0M 0S";"Sports";"Beer"
"210";"3/30/2021 13:49:54";"Master Artificial Intelligence";"yes";"1";"mu";"nee";"male";"fat";"1998-05-06";0;"no";80;NA;NA;"12H 30M 0S";"friday";"saturday"
"211";"3/30/2021 13:50:06";"Computational Sciences";"no";"0";"mu";"nee";"female";"neither";"1993-10-20";0;"no";35;3;NA;"20H 3M 0S";"Friends";"completing tasks"
"212";"3/30/2021 13:50:07";"BA";"no";"0";"mu";"nee";"male";"neither";"1999-02-20";0;"yes";44;2;5;"1H 0M 0S";"football";"running"
"213";"3/30/2021 13:50:37";"Business Analytics";"yes";"unknown";"mu";"ja";"female";"neither";"1997-01-01";4;"yes";8;NA;8;"22H 0M 0S";"Cats";"Sunshine"
"214";"3/30/2021 13:51:02";"Business Analytics";"yes";"1";"mu";"ja";"male";"neither";"1998-08-27";1;"no";20;1;NA;"NA  ";"Beer and friends";"No obligations"
"215";"3/30/2021 13:51:08";"Computer Science";"yes";"1";"mu";"ja";"female";"I have no idea what you are talking about";"1996-12-16";0;"no";50;100;NA;"22H 0M 0S";"sunshine";"good food"
"216";"3/30/2021 13:51:09";"Artificial Intelligence";"yes";"0";"mu";"nee";"male";"I have no idea what you are talking about";"1995-09-21";0;"no";80;0,3;NA;"20H 0M 0S";"If a spend my day usefull. Learned new things, improving myself";"Good weather"
"217";"3/30/2021 13:51:23";"Computational Science";"yes";"0";"mu";"ja";"male";"slim";"1990-02-21";50;"yes";80;20;NA;"22H 0M 0S";"Ice cream";"double ice cream"
"218";"3/30/2021 13:51:33";"Artificial Intelligence";"no";"0";"mu";"nee";"male";"I have no idea what you are talking about";"1996-08-24";0;"unknown";25;25;NA;"21H 37M 0S";"No work";"No stress"
"219";"3/30/2021 13:52:11";"Business Analytics";"yes";"1";"mu";"ja";"male";"I have no idea what you are talking about";NA;0;"no";50;0,69;6;"30M 0S ";"Good grade";"Not filling in excessively long forms"
"220";"3/30/2021 13:53:02";"Computer Science";"yes";"0";"sigma";"nee";"male";"fat";NA;0;"no";70;5;NA;"23H 0M 0S";"coffee";"jogging"
"221";"3/30/2021 13:53:25";"Computational Science";"yes";"1";"mu";"ja";"male";"neither";"1991-01-01";0;"yes";60;NA;NA;"2H 0M 0S";"Sunshine";"Warm weather"
"222";"3/30/2021 13:53:30";"Computer Science";"yes";"1";"mu";"nee";"female";"I have no idea what you are talking about";NA;1;"no";100;80;9;"NA  ";"Movements";"Food"
"223";"3/30/2021 13:53:48";"Business Analytics";"yes";"0";"mu";"nee";"male";"neither";"1997-07-30";0;"no";20;20;NA;"NA  ";"Sun";"Beer"
"224";"3/30/2021 13:54:12";"Econometrics and Data Science";"yes";"0";"sigma";"nee";"male";"neither";"1995-03-25";1;"no";99;50;NA;"11H 11M 0S";"Good company";"Good food"
"225";"3/30/2021 13:54:28";"Bioinformatics and systems biology";"yes";"unknown";"unknown";"nee";"female";"fat";NA;2;"no";80;0,5;7;"NA  ";"Nice weather";"Food"
"226";"3/30/2021 13:56:54";"Artificial Intelligence";"no";"0";"mu";"nee";"female";"slim";"1992-06-07";0;"no";60;20;5;"23H 0M 0S";"Doing something meaningful";"sun"
"227";"3/30/2021 13:58:13";"Information Studies: Data Science (track)";"yes";"0";"unknown";"ja";"female";"neither";"1995-10-02";0;"yes";75;10;5;"NA  ";"nothing";"nothing"
"228";"3/30/2021 13:59:04";"Bioinformatics ";"yes";"1";"sigma";"nee";"male";"neither";NA;0;"no";80;50;NA;"24H 0M 0S";"good weather ";"no body dies "
"229";"3/30/2021 13:59:37";"Artificial Intelligence";"yes";"0";"mu";"nee";"male";"slim";"1994-10-14";0;"no";0;100;7;"23H 34M 0S";"Love";"Happiness"
"230";"3/30/2021 14:04:42";"https://forms.gle/eTy4nEs3khRqPtMLA";"yes";"0";"mu";"ja";"male";"I have no idea what you are talking about";"1996-02-10";2;"no";55;1e+06;5;"NA  ";"Productivity";"Fun"
"231";"3/30/2021 14:05:45";"Data Science (information studies)";"yes";"0";"mu";"ja";"female";"fat";"1998-03-02";0;"no";100;70;NA;"15H 0M 0S";"nice food";"good workout"
"232";"3/30/2021 14:10:58";"Business Analytics";"yes";"1";"mu";"ja";"unknown";"neither";NA;1;"yes";40;5;8;"NA  ";"-";"-"
"233";"3/30/2021 14:21:35";"Computational Science";"no";"0";"mu";"nee";"male";"slim";NA;100;"yes";66;0,8;6;"23H 0M 0S";"Sun";"Sports"
"234";"3/30/2021 14:24:07";"Business Analytics";"yes";"1";"mu";"ja";"male";"fat";"1998-03-09";0;"no";20;1000;3;"10H 0M 0S";"Being productive";"Relaxing after being productive"
"235";"3/30/2021 14:24:10";"Artificial Intelligence  ";"no";"0";"mu";"ja";"male";"fat";"1996-01-30";1;"no";80;100;NA;"23H 0M 0S";"Good sleep";"No homework"
"236";"3/30/2021 14:24:26";"AI";"yes";"0";"mu";"nee";"female";"I have no idea what you are talking about";NA;0;"no";55;5;NA;"10H 0M 0S";"Sun";"Good food"
"237";"3/30/2021 14:24:33";"AI";"yes";"1";"mu";"ja";"male";"fat";"1995-10-27";0;"no";70;99,99;NA;"NA  ";"work, friends, play, food, sex";"relaxation, laziness, ice cream"
"238";"3/30/2021 14:24:51";"Bioinformatics";"yes";"0";"mu";"nee";"male";"fat";"1901-01-01";0;"no";NA;0;1;"8H 0M 0S";"FIFA2020";"FIFA2021"
"239";"3/30/2021 14:25:10";"Bioinformatics";"yes";"0";"mu";"nee";"male";"fat";"1999-02-07";0;"no";60;5;8;"1H 0M 0S";"Sleeping in";"No mandatory to do's "
"240";"3/30/2021 14:26:11";"MSc Finance - Duisenberg Honours Programme of Quantitative Risk Management";"no";"0";"mu";"nee";"male";"fat";"1998-12-17";0;"yes";25;NA;NA;"11H 31M 0S";"happiness";"general feelings of happiness caused by a multitude of factors"
"241";"3/30/2021 14:29:48";"Business Analytics";"yes";"0";"mu";"nee";"male";"I have no idea what you are talking about";"1966-06-27";0;"no";90;100;NA;"23H 45M 0S";"Universe is there";"Universe is still there"
"242";"3/30/2021 14:30:33";"AI";"yes";"1";"mu";"ja";"female";"I have no idea what you are talking about";"1999-03-01";0;"no";35;40;8;"23H 45M 0S";"Nice weather";"Being able to do something fun without having to think about anything else "
"243";"3/30/2021 14:32:23";"AI";"yes";"1";"mu";"nee";"male";"neither";NA;0;"no";57;100;NA;"5H 0M 0S";"cat 1";"cat 2"
"244";"3/30/2021 14:32:59";"Business Analytics";"yes";"0";"mu";"ja";"male";"I have no idea what you are talking about";"1999-07-17";0;"no";33;399;3;"NA  ";"Girlfriend";"Winning"
"245";"3/30/2021 14:35:08";"AI";"no";"unknown";"mu";"nee";"female";"I have no idea what you are talking about";"1995-03-08";2;"no";68;13;NA;"30M 0S ";"sleep";"sun"
"246";"3/30/2021 14:40:53";"QRM";"yes";"0";"mu";"nee";"male";"fat";NA;100;"no";50;10;4;"23H 0M 0S";"good weather";"less stress"
"247";"3/30/2021 14:41:07";"Econometrics and Data Science";"no";"0";"sigma";"nee";"female";"fat";"1997-06-29";1;"yes";60;5;7;"1H 0M 0S";"Pancakes ";"Sun"
"248";"3/30/2021 14:44:53";"artificial intelligence";"yes";"0";"mu";"ja";"female";"neither";"1999-04-23";1;"no";20;100;NA;"NA  ";"reading";"no school"
"249";"3/30/2021 14:51:18";"BA";"yes";"1";"mu";"ja";"male";"fat";"1999-04-19";3;"no";75;100;6;"2H 0M 0S";"Good amount of sleep";"Doing something new"
"250";"3/30/2021 14:56:37";"Bioinformatics";"yes";"0";"sigma";"nee";"female";"I have no idea what you are talking about";"1988-02-06";1;"no";70;30;3;"45M 0S ";"Sunny and dry weather";"having good conversations with friends"
"251";"3/30/2021 15:01:20";"Finance and Technology";"yes";"0";"mu";"nee";"male";"neither";"1992-05-05";1;"no";90;10;7;"12H 47M 0S";"sun is out";"work out"
"252";"3/30/2021 15:32:10";"Bioinformatics";"yes";"unknown";"mu";"unknown";"female";"slim";"1998-09-04";0;"no";55;0,1;4;"23H 0M 0S";"Sleep";"Food"
"253";"3/30/2021 15:45:22";"Bioinformatics & Systems Biology";"no";"0";"unknown";"ja";"female";"neither";"1976-05-01";0;"no";50;5;6;"1M 0S ";"Getting stuff done";"Trying something new"
"254";"3/30/2021 15:46:56";"CS";"no";"0";"mu";"nee";"female";"fat";"1995-11-24";0;"no";60;20;4;"22H 0M 0S";"Coffee";"Video game"
"255";"3/30/2021 16:00:00";"Econometrics & Operations Research ";"no";"0";"sigma";"nee";"male";"fat";"1997-09-30";0;"no";27;0,5;8;"30M 0S ";"Gym/sport ";"Drinking "
"256";"3/30/2021 16:06:45";"Computational Science";"no";"unknown";"mu";"nee";"male";"I have no idea what you are talking about";"1995-04-14";4;"no";30;0;NA;"NA  ";"a variety of activities";"what i said before this question"
"257";"3/30/2021 17:22:43";"BA";"yes";"0";"mu";"nee";"female";"neither";"1996-11-26";0;"no";65;25;6;"23H 0M 0S";"Nice weather";"Friends"
"258";"3/30/2021 17:22:58";"Master Bioinformatics and Systems Biology";"yes";"unknown";"mu";"ja";"female";"fat";NA;2;"no";75;5;7;"23H 30M 0S";"Sunny weather";"Taking medicine"
"259";"3/30/2021 17:31:48";"Ai";"no";"0";"mu";"nee";"male";"fat";"1993-04-29";2;"no";76;35;3;"0S  ";"Health";"Family"
"260";"3/30/2021 17:32:22";"MSc Bioinformatics and systems biology";"yes";"0";"mu";"ja";"male";"fat";NA;0;"yes";65;40;2;"23H 0M 0S";"can relax";"Can do some kind of activity (sports)"
"261";"3/30/2021 17:32:37";"Business Analytics";"yes";"1";"mu";"ja";"male";"slim";"1998-01-06";0;"no";10;10;5;"23H 30M 0S";"no stress";"doing sports"
"262";"3/30/2021 17:34:15";"Computer Science";"yes";"1";"mu";"ja";"male";"fat";NA;0;"no";50;10;6;"23H 0M 0S";"Free";"Sports"
"263";"3/30/2021 17:35:59";"Quantative Risk Management";"no";"0";"mu";"nee";"male";"neither";"1998-02-26";2;"no";NA;0,25;NA;"2H 0M 0S";"Not filling in pointless surveys";"Seeing loved ones"
"264";"3/30/2021 17:38:28";"Computational Science";"yes";"1";"mu";"ja";"female";"neither";"1997-06-03";0;"unknown";80;30;NA;"22H 15M 0S";"Good food";"Friends "
"265";"3/30/2021 17:45:04";"Artificial Intelligence";"yes";"0";"mu";"nee";"female";"neither";"1997-09-23";0;"no";80;NA;5;"NA  ";"laughter";"no homework"
"266";"3/30/2021 17:46:28";"Msc Artificial Intelligence ";"yes";"1";"mu";"ja";"male";"fat";"1895-09-30";265;"yes";NA;2,5;NA;"23H 23M 0S";"Sunny weather";"Women with sundresses on"
"267";"3/30/2021 17:46:38";"Finance and Technology";"yes";"0";"mu";"nee";"male";"neither";"1988-04-15";7;"yes";25;100;NA;"24H 0M 0S";"Fun";"Sleep"
"268";"3/30/2021 17:53:12";"MSc Ai";"yes";"1";"mu";"ja";"male";"slim";NA;8979937;"unknown";NA;100;NA;"NA  ";"Sex";"Sex * 2"
"269";"3/30/2021 17:57:08";"AI";"yes";"1";"mu";"ja";"male";"neither";"1995-05-03";0;"no";99;3,14;NA;"NA  ";"No deadlines";"#ADATOTHEMOON"
"270";"3/30/2021 17:58:46";"Business Analytics";"yes";"1";"mu";"ja";"female";"I have no idea what you are talking about";"1997-09-04";0;"no";NA;2;5;"2H 0M 0S";"Hot temperature";"Airco"
"271";"3/30/2021 18:02:16";"Artificial Intelligence";"yes";"1";"mu";"ja";"male";"fat";"1995-01-04";1;"no";10;0,5;1;"23H 15M 0S";"Good sleep";"Nice people"
"272";"3/30/2021 18:02:50";"Bioinformatics and systems biology ";"no";"0";"mu";"nee";"male";"neither";"1995-10-24";0;"no";100;10;NA;"0S  ";"Meeting a friend ";"Having a good meal"
"273";"3/30/2021 18:04:36";"AI: cognitive science track";"no";"1";"mu";"ja";"unknown";"slim";NA;1;"no";30;1e+07;NA;"1H 0M 0S";"Making money and not being with my girlfriend";"Not being with my girlfriend and making money"
"274";"3/30/2021 18:11:57";"Artificial Intelligence";"yes";"1";"mu";"ja";"female";"slim";"1998-08-05";1;"no";100;0;NA;"23H 0M 0S";"Sun";"Chocolate"
"275";"3/30/2021 18:12:21";"Bioinformatics and systems biology ";"no";"0";"mu";"nee";"male";"neither";"1995-10-24";0;"no";100;10;NA;"0S  ";"Meeting a friend ";"Having a good meal"
"276";"3/30/2021 18:12:43";"Ai";"yes";"0";"sigma";"ja";"unknown";"neither";"1337-11-11";7;"no";69;NA;NA;"1H 30M 0S";"Good food";"Lots of sleep"
"277";"3/30/2021 18:19:03";"Bioinformatics";"no";"0";"sigma";"ja";"female";"fat";"1997-01-23";14;"no";NA;NA;5;"NA  ";"less hmw";"clear instructions to get 10 from hmw!"
"278";"3/30/2021 18:35:43";"MSC Bioinformatics and systems Biology";"yes";"0";"sigma";"ja";"male";"fat";"1993-06-20";300;"unknown";NA;100;6;"1H 0M 0S";"productive";"funny"
"279";"3/30/2021 18:39:26";"Master AI at UvA";"yes";"1";"mu";"nee";"male";"slim";"2000-06-16";1;"no";40;50;NA;"NA  ";"50";"50"
"280";"3/30/2021 18:39:31";"M Bioinformatics and Systems Biology";"yes";"0";"mu";"nee";"female";"I have no idea what you are talking about";"1996-07-06";0;"no";100;30;10;"16H 0M 0S";"No homework, no school";"No school, no homework"
"281";"3/30/2021 18:39:35";"Econometrics and Data Science";"yes";"0";"mu";"nee";"male";"fat";"1997-08-31";0;"no";50;50;9;"2H 0M 0S";"Good weather";"No covid"
"282";"3/30/2021 18:48:33";"Je zusje";"yes";"1";"mu";"ja";"unknown";"slim";"2001-01-01";6;"yes";99;NA;NA;"NA  ";"1";"2"
"283";"3/30/2021 18:56:08";"EDS";"no";"0";"mu";"ja";"male";"I have no idea what you are talking about";"2001-01-01";4;"no";NA;100;NA;"1H 11M 0S";"Puthie";"More puthie"
"284";"3/30/2021 19:03:43";"Artificial Intelligence";"yes";"0";"mu";"ja";"male";"I have no idea what you are talking about";"1998-07-28";0;"no";35;33;NA;"23H 49M 0S";"weather";"full stomach"
"285";"3/30/2021 19:05:48";"QRM";"yes";"1";"mu";"ja";"female";"I have no idea what you are talking about";"1996-06-27";1;"no";22;75;5;"2H 0M 0S";"Surrounded with family";"Food"
"286";"3/30/2021 19:06:48";"Bioinformatics and systems biology ";"no";"0";"mu";"nee";"male";"neither";"1995-10-24";0;"no";100;10;NA;"0S  ";"Meeting a friend ";"Having a good meal"
"287";"3/30/2021 19:36:23";"Artificial Intelligence";"yes";"1";"mu";"ja";"female";"slim";"1998-08-05";1;"no";100;0;NA;"23H 0M 0S";"Sun";"Chocolate"
"288";"3/30/2021 19:39:32";"Econometrics";"yes";"1";"mu";"ja";"male";"neither";"1998-01-15";2;"yes";60;60;NA;"4H 45M 0S";"Sun";"Girls"
"289";"3/30/2021 19:59:03";"CS: Big Data";"yes";"0";"mu";"ja";"male";"neither";NA;2;"no";60;NA;7;"12H 20M 0S";"delicious food";"relaxing atmosphere "
"290";"3/30/2021 20:05:41";"Information Studies: Data Science";"yes";"0";"mu";"nee";"female";"neither";"1997-03-26";1;"yes";98;0;NA;"23H 30M 0S";"Finishing tasks";"GME go brrrr"
"291";"3/30/2021 20:05:56";"Bioinformatics and Systems Biology ";"yes";"1";"sigma";"ja";"male";"slim";"1996-01-22";1;"yes";50;0;NA;"0S  ";"Sun";"Wine"
"292";"3/30/2021 20:19:21";"Master Econometrics and Operations Research: Data Science track";"yes";"0";"mu";"ja";"female";"fat";NA;0;"no";80;100;10;"1H 15M 0S";"Good food";"Sunny day"
"293";"3/30/2021 20:26:14";"Data Science track (UvA)";"yes";"1";"mu";"ja";"male";"fat";NA;0;"no";100;100;NA;"0S  ";"Warhammer";"Warhammer 40.000"
"294";"3/30/2021 20:31:27";"Mathematics";"yes";"0";"sigma";"nee";"unknown";"I have no idea what you are talking about";"1997-08-24";0;"unknown";45;0;NA;"NA  ";"you";"also you"
"295";"3/30/2021 21:00:15";"Econometrics and Operations Research";"yes";"0";"mu";"ja";"male";"neither";NA;3;"yes";10;50;6;"1H 0M 0S";"love";"sex"
"296";"3/30/2021 21:02:22";"MSc AI";"no";"0";"sigma";"unknown";"male";"I have no idea what you are talking about";"1993-04-22";0;"unknown";20;2;NA;"NA  ";"5";"5"
"297";"3/30/2021 21:06:27";"QRM";"yes";"0";"mu";"ja";"male";"fat";"1999-05-08";2;"no";75;0,25;5;"NA  ";"Sex";"Good food"
"298";"3/30/2021 21:24:56";"Master Artificial Intelligence";"yes";"1";"mu";"ja";"female";"fat";"1997-12-16";1;"no";20;2;NA;"56M 0S ";"Sun";"Boyfriend"
"299";"3/30/2021 21:25:13";"Bioinformatics ";"yes";"0";"mu";"nee";"male";"fat";"1996-09-02";0;"no";77;NA;NA;"1H 30M 0S";"Beer";"Friends"
"300";"3/30/2021 21:27:34";"Business Analytics & AI";"yes";"1";"mu";"ja";"male";"neither";"1999-05-16";1;"no";10;100;NA;"NA  ";"having breakfast with pancakes and strawberries ";"Chilling at the beach on a sunny day"
"301";"3/30/2021 21:27:46";"Climate Econometrics";"yes";"0";"mu";"nee";"male";"neither";"1995-02-18";4;"no";99;17;NA;"0S  ";"what";"when"
"302";"3/30/2021 21:34:48";"Econometrics and Data Science";"yes";"0";"mu";"ja";"female";"fat";"1995-12-12";3;"no";80;0,21;NA;"23H 3M 0S";"A bunch of laughing";"Bingewatching my favourite shows"
"303";"3/30/2021 21:36:33";"Econometrics and data science";"yes";"1";"unknown";"nee";"male";"fat";NA;0;"no";30;20;6;"NA  ";"saturday";"sunday"
"304";"3/30/2021 21:54:08";"AI";"no";"0";"mu";"ja";"female";"neither";"1998-12-19";1;"no";70;1;8;"1H 0M 0S";"sun";"weekend"
"305";"3/30/2021 22:17:11";"MSc Finance";"yes";"1";"mu";"ja";"male";"I have no idea what you are talking about";"1989-11-23";2;"yes";55;NA;NA;"4H 0M 0S";"Bananas";"Test"
"306";"3/30/2021 22:19:48";"MSc: Artificial Intelligence";"no";"1";"mu";"nee";"male";"neither";"1987-11-29";0;"no";95;10;NA;"1H 30M 0S";"progress";"friends"
"307";"3/30/2021 22:30:34";"MSc Information studies";"yes";"1";"mu";"ja";"female";"I have no idea what you are talking about";"1989-12-20";0;"no";70;99;NA;"23H 30M 0S";"Sunshine";"Family and friends"
"308";"3/30/2021 22:37:23";"Bioinformatics and Systems Biology";"yes";"0";"mu";"ja";"male";"I have no idea what you are talking about";NA;1;"no";80;1;2;"1H 30M 0S";"Sunshine";"Exercise"
"309";"3/30/2021 22:42:18";"artificial intelligence";"yes";"1";"mu";"nee";"female";"fat";NA;0;"no";80;80;10;"11H 0M 0S";"sunshine";"happiness"
"310";"3/30/2021 22:58:28";"Fintech";"yes";"0";"mu";"nee";"male";"slim";NA;1;"no";87;NA;3;"NA  ";"football";"Sun"
"311";"3/30/2021 23:12:08";"Fintech";"yes";"1";"sigma";"nee";"female";"fat";"1994-11-24";20;"yes";50;20;NA;"2H 0M 0S";"Weather";"Good news"
"312";"3/30/2021 23:14:42";"Quantative Risk Management";"no";"0";"mu";"nee";"male";"neither";"1998-02-26";3;"no";0;0,25;NA;"1H 0M 0S";"Good food";"Good music"
"313";"3/30/2021 23:44:58";"Business Analytics";"yes";"0";"mu";"ja";"male";"I have no idea what you are talking about";"1998-05-27";1;"no";70;1;6;"NA  ";"You";"Me"
